Sample_name,Locus,Hash,nReads
1306a-1,1,42737cd65bab38b57ea8949256ab1dbc59f5d054,47700
1306a-1,1,bb5fb2d15b40f5c67f615a2ccbb5a4d273b97e2c,3290
1306a-1,1,25afc9c2dd52d85e9c8f6f24fba49b1ea5a17f3d,930
1306a-1,1,27957660a97efa9a9104bb5329b3b2fd120cf083,597
1306a-1,1,c2c5504fad8054bb4b57e18ae24c1e5267345799,1120
1306a-1,1,7a1b004d0933e79da3f139e6dfc1fdda13a810e1,984
1306a-1,1,a5874adbabc53f777c99fb9024505d9dee731280,389
1306a-1,1,856bdabd9da03b5f02d52e62eead9bbde41a60b2,881
1306a-1,1,ea00e637ccc8f3ae5de58757aa6fe53e625eb8b4,925
1306a-1,1,0e9ec584677641b0ef85b9741494a6e388b038e0,823
1306a-1,1,2706eeda1c9fb77568931d1b2026b81e6cd687cc,809
1306a-1,1,d9e7ecc2aa47e0bb480fb881d34c7002ebf16800,690
1306a-1,1,6607f34a8c8176caad41d9fba49dde524fe6582d,649
1306a-1,1,62f970dcf2771066e8ec5fd64e80be73cae0eb3e,439
1306a-1,1,5c1d134f78b36723519c11d026e7c1d84e2e2c10,327
1306a-1,1,74c3d0dd79f72261d07798440938648c202da5cb,206
1306a-1,1,efae7e8d5d9838a73f0d506c54d08b64ea922799,196
1306a-1,1,d4e3d252c66752d20bd44ee7949db5aae9b1dd3d,136
1306a-1,1,cf2bbf13897d0d0ece42c176fedc2e609cb3dd69,114
1306a-1,1,bbf1d39ed449cab2081c950baadb5a9249a9284e,103
1306a-1,1,265417acf5fc77ae020cee0d433496967276d1eb,102
1306a-1,1,a725a2e250ad69ea4b26fd47fa10ade3613f2875,21
1361a-1,1,42737cd65bab38b57ea8949256ab1dbc59f5d054,14786
1361a-1,1,56720e36c8e3dbf5fa47388a19bc597831cbe056,38044
1361a-1,1,c9e5500ec4ff0dc8d9a34998f3a04ced941702f3,8635
1361a-1,1,25afc9c2dd52d85e9c8f6f24fba49b1ea5a17f3d,233
1361a-1,1,c2c5504fad8054bb4b57e18ae24c1e5267345799,62
1361a-1,1,7a1b004d0933e79da3f139e6dfc1fdda13a810e1,23
1361a-1,1,ba46c8ebde338d28e15b9ce8544a3e74a4632ba8,690
1361a-1,1,ceeef90eb147b9672c36201812711d41250edff7,30
1361a-1,1,dffe9f4aca637850465b0a374333d9ca32ec8450,511
1361a-1,1,70d9fd12886e54976d74ed1b2ee60f3f8d2e4800,1241
1361a-1,1,03ea67a963ad676d73718b3d624602aaa37c13ee,1204
1361a-1,1,856bdabd9da03b5f02d52e62eead9bbde41a60b2,20
1361a-1,1,135de199fe38b050fc5f5ac9a2ae889134644702,823
1361a-1,1,d9e7ecc2aa47e0bb480fb881d34c7002ebf16800,10
1361a-1,1,398385192bb8ceccfa0cdeaaedff9b4dfad6a7af,625
1361a-1,1,2825c6e62fa8b54095edf569664866f2b94c5f69,591
1361a-1,1,db88129f2b7ae2201ca3d12deb67624b401b62ab,419
1361a-1,1,c7af124c15d54253f18c78958b7b1917afd3cc45,228
1361a-1,1,11b68e29bf0a4b8849bb316fa13b4eb4279247b8,206
1362a-1,1,42737cd65bab38b57ea8949256ab1dbc59f5d054,43874
1362a-1,1,c9e5500ec4ff0dc8d9a34998f3a04ced941702f3,24
1362a-1,1,25afc9c2dd52d85e9c8f6f24fba49b1ea5a17f3d,829
1362a-1,1,0ea07e4d277fac985786f5ff6dcf1292fb336474,5331
1362a-1,1,7a1b004d0933e79da3f139e6dfc1fdda13a810e1,13
1362a-1,1,ceeef90eb147b9672c36201812711d41250edff7,3519
1362a-1,1,f0cbc36955810d6b51ffb5e49b03198511382a11,844
1362a-1,1,16fa89750f63ec8fefac91d81a631af41f9f5271,771
1362a-1,1,d886f9f9af80fd7ae3f48d3f8987aa4b040546a9,764
1362a-1,1,e8ed913f0dcb0eab32692b3d3137ac859fbdd6a8,195
1362a-1,1,4bf1ddd6716905ffb053822309d27fbe30f20682,90
1362a-1,1,6fccf36dddcd51cf437002f9395d5182295ceaa3,70
1306b-1,1,42737cd65bab38b57ea8949256ab1dbc59f5d054,38174
1306b-1,1,7edc82ae907368e2ba93f8d04552ca58def53f5b,56
1306b-1,1,5dd046e872a3d4a2d69e5d74a88f680516715f9f,9
1306b-1,1,56720e36c8e3dbf5fa47388a19bc597831cbe056,1409
1306b-1,1,c9e5500ec4ff0dc8d9a34998f3a04ced941702f3,367
1306b-1,1,25afc9c2dd52d85e9c8f6f24fba49b1ea5a17f3d,447
1306b-1,1,27957660a97efa9a9104bb5329b3b2fd120cf083,35
1306b-1,1,c2c5504fad8054bb4b57e18ae24c1e5267345799,51
1306b-1,1,0ea07e4d277fac985786f5ff6dcf1292fb336474,647
1306b-1,1,7a1b004d0933e79da3f139e6dfc1fdda13a810e1,91
1306b-1,1,ceeef90eb147b9672c36201812711d41250edff7,422
1306b-1,1,09a5cacfcc717ee7b6e818e5f8ae5586dde40e31,89
1306b-1,1,335dd7220ff184674c10840a87824206d93c34c3,775
1306b-1,1,d1ed0ccaa595672fd45d4a37bac7a0b0383d6beb,265
1306b-1,1,9d28cf90834d7046adb1bd50c41adc8f15708774,440
1306b-1,1,6db24d6486d3a7bc554585af0d986f98a289258d,329
1306b-1,1,856bdabd9da03b5f02d52e62eead9bbde41a60b2,42
1306b-1,1,c8049f8ff74e387f0186c4a0403c77a9904680ec,30
1306b-1,1,b0bc58b2e22b2dded0e5fbe03da9f66ab26dc773,14
1306b-1,1,d9e7ecc2aa47e0bb480fb881d34c7002ebf16800,36
1306b-1,1,0a14859c216f4daf618556c1bcd170291240733a,176
1306b-1,1,38bc1d811f7128a22b6f2221499ca0c120fca79f,181
1306b-1,1,9f273d6abddc84109b566a1fcbb28c459ff2760e,43
1306b-1,1,accf5d62507bd50b179bc8cf3384141f89b53ab4,73
1361b-1,1,42737cd65bab38b57ea8949256ab1dbc59f5d054,79634
1361b-1,1,7edc82ae907368e2ba93f8d04552ca58def53f5b,165
1361b-1,1,5dd046e872a3d4a2d69e5d74a88f680516715f9f,5
1361b-1,1,c9e5500ec4ff0dc8d9a34998f3a04ced941702f3,18
1361b-1,1,25afc9c2dd52d85e9c8f6f24fba49b1ea5a17f3d,881
1361b-1,1,ceeef90eb147b9672c36201812711d41250edff7,20
1361b-1,1,335dd7220ff184674c10840a87824206d93c34c3,2065
1361b-1,1,d1ed0ccaa595672fd45d4a37bac7a0b0383d6beb,669
1361b-1,1,9d28cf90834d7046adb1bd50c41adc8f15708774,1041
1361b-1,1,6db24d6486d3a7bc554585af0d986f98a289258d,881
1361b-1,1,0a14859c216f4daf618556c1bcd170291240733a,497
1361b-1,1,68475da88129c2d90e9f44e582c8aceb9ab95d51,647
1361b-1,1,38bc1d811f7128a22b6f2221499ca0c120fca79f,460
1361b-1,1,56a19762bdb73bc2b544fe2520a76eb6cf205b75,261
1361b-1,1,9f273d6abddc84109b566a1fcbb28c459ff2760e,101
1361b-1,1,a56436aab467b81369c89f85f7d721b81abeb2bc,37
1362b-1,1,42737cd65bab38b57ea8949256ab1dbc59f5d054,10317
1362b-1,1,5dd046e872a3d4a2d69e5d74a88f680516715f9f,41
1362b-1,1,56720e36c8e3dbf5fa47388a19bc597831cbe056,5474
1362b-1,1,c9e5500ec4ff0dc8d9a34998f3a04ced941702f3,1273
1362b-1,1,27957660a97efa9a9104bb5329b3b2fd120cf083,41
1362b-1,1,c2c5504fad8054bb4b57e18ae24c1e5267345799,70
1362b-1,1,7a1b004d0933e79da3f139e6dfc1fdda13a810e1,59
1362b-1,1,1a57477efc4a7c8e63ae71c66d10b258345aa22e,90
1362b-1,1,ceeef90eb147b9672c36201812711d41250edff7,134
1362b-1,1,09a5cacfcc717ee7b6e818e5f8ae5586dde40e31,222
1362b-1,1,c8049f8ff74e387f0186c4a0403c77a9904680ec,60
1362b-1,1,b0bc58b2e22b2dded0e5fbe03da9f66ab26dc773,50
1362b-1,1,d9e7ecc2aa47e0bb480fb881d34c7002ebf16800,15
1362b-1,1,a0633d287f53f36bec8aae79ccaee2ba8f453277,12
1306a-2,1,42737cd65bab38b57ea8949256ab1dbc59f5d054,25164
1306a-2,1,5dd046e872a3d4a2d69e5d74a88f680516715f9f,39
1306a-2,1,27957660a97efa9a9104bb5329b3b2fd120cf083,383
1306a-2,1,c2c5504fad8054bb4b57e18ae24c1e5267345799,402
1306a-2,1,1a57477efc4a7c8e63ae71c66d10b258345aa22e,419
1306a-2,1,ceeef90eb147b9672c36201812711d41250edff7,2
1306a-2,1,09a5cacfcc717ee7b6e818e5f8ae5586dde40e31,3403
1306a-2,1,c5afe8c2409ce9dcba08e3d7d5f0cb606b6e6aec,1500
1306a-2,1,c8049f8ff74e387f0186c4a0403c77a9904680ec,763
1306a-2,1,b0bc58b2e22b2dded0e5fbe03da9f66ab26dc773,724
1306a-2,1,d5a413e9cd0d5d42a6dd6291de15e8f481274b07,196
1306a-2,1,83db640a2e4221e73a4e024e85a30a860d06aa01,98
1306a-2,1,a0633d287f53f36bec8aae79ccaee2ba8f453277,75
1306a-2,1,2ca9e51f3418a78d2846e3fbf82a95791e2ee7a3,77
1361a-2,1,42737cd65bab38b57ea8949256ab1dbc59f5d054,4047
1361a-2,1,5dd046e872a3d4a2d69e5d74a88f680516715f9f,10
1361a-2,1,df77ec60709e680b780d2cb7091e668a8a743ebe,1372
1361a-2,1,27957660a97efa9a9104bb5329b3b2fd120cf083,16
1361a-2,1,09634633b62eea664914842a286ee6c7ee969234,462
1361a-2,1,c2c5504fad8054bb4b57e18ae24c1e5267345799,7
1361a-2,1,7a1b004d0933e79da3f139e6dfc1fdda13a810e1,37
1361a-2,1,ac4b8089c9fe78f74a96a4cda9a1d38c95ac845a,4050
1361a-2,1,09a5cacfcc717ee7b6e818e5f8ae5586dde40e31,20
1361a-2,1,399416ccb8869808a5e3ca3bfeb97d2f047eac77,2908
1361a-2,1,40e39777fcb298ac7ca7d5faf34312877ab7c1b5,94
1361a-2,1,c8049f8ff74e387f0186c4a0403c77a9904680ec,9
1362a-2,1,42737cd65bab38b57ea8949256ab1dbc59f5d054,43473
1362a-2,1,5dd046e872a3d4a2d69e5d74a88f680516715f9f,20428
1362a-2,1,c9e5500ec4ff0dc8d9a34998f3a04ced941702f3,146
1362a-2,1,25afc9c2dd52d85e9c8f6f24fba49b1ea5a17f3d,638
1362a-2,1,27957660a97efa9a9104bb5329b3b2fd120cf083,8
1362a-2,1,ceeef90eb147b9672c36201812711d41250edff7,17
1362a-2,1,09a5cacfcc717ee7b6e818e5f8ae5586dde40e31,45
1362a-2,1,c8049f8ff74e387f0186c4a0403c77a9904680ec,15
1362a-2,1,f411ef740bc0ddf6bd019eb05701e039d920c8f7,875
1362a-2,1,c33be5cf56fd1e9a851b3a82734012ac950c535a,598
1362a-2,1,bd1bb19fab8d79b4ee4fb1bb47b6218177c1afda,341
1362a-2,1,cac262b1e0c1e1800f6949cf66c43d409af48706,260
1362a-2,1,bc69d38057b742c7a3a06c2c2746d8d090600eb4,183
1362a-2,1,65dc1697552c398090914a0480c9cc32a71666e1,5
1306b-2,1,42737cd65bab38b57ea8949256ab1dbc59f5d054,29851
1306b-2,1,5dd046e872a3d4a2d69e5d74a88f680516715f9f,8
1306b-2,1,25afc9c2dd52d85e9c8f6f24fba49b1ea5a17f3d,561
1306b-2,1,c2c5504fad8054bb4b57e18ae24c1e5267345799,809
1306b-2,1,e5b505705fe64fe02348aa9612ad44e82b0d800e,4838
1306b-2,1,5fdda72d0d261ad2a1c93d5006844a26c160f6a2,2245
1306b-2,1,b31a1197e4cf81fed332eef51157dab0caf9ea0e,390
1306b-2,1,a5874adbabc53f777c99fb9024505d9dee731280,539
1306b-2,1,5659ced9cefb86b322ae11cb80d29762b3b7a814,761
1306b-2,1,398bbeef3a579c723da94c7a4ee41466558432ce,582
1306b-2,1,e51b5c2f09bbd01a0fadd0830ec507aa3ed4b262,439
1306b-2,1,c0b4b6bce4f37b96b0c0bf89d9eca9668c707c1d,318
1306b-2,1,0a65986b948e230ae0c281d9d7cd8dda20600b22,314
1306b-2,1,9cee6953734445b93169a431e7e5dd98d6b44ba7,253
1306b-2,1,c62a30f5c0bf307e7aac6a9f485f8b785d6ca6f7,242
1306b-2,1,27c05e63ae65516bfc41011f8f5b082852592ba6,155
1306b-2,1,69a89f13a1b3d9a2f5fe57fb24af7e742e5f3d43,123
1361b-2,1,42737cd65bab38b57ea8949256ab1dbc59f5d054,1911
1361b-2,1,5dd046e872a3d4a2d69e5d74a88f680516715f9f,19
1361b-2,1,bb5fb2d15b40f5c67f615a2ccbb5a4d273b97e2c,25276
1361b-2,1,760fc3cb05911cd49affeee1052ade0166c54bc9,15
1361b-2,1,c9e5500ec4ff0dc8d9a34998f3a04ced941702f3,27
1361b-2,1,27957660a97efa9a9104bb5329b3b2fd120cf083,13
1361b-2,1,09634633b62eea664914842a286ee6c7ee969234,24
1361b-2,1,c2c5504fad8054bb4b57e18ae24c1e5267345799,18
1361b-2,1,7a1b004d0933e79da3f139e6dfc1fdda13a810e1,12
1361b-2,1,e5b505705fe64fe02348aa9612ad44e82b0d800e,88
1361b-2,1,ceeef90eb147b9672c36201812711d41250edff7,10
1361b-2,1,09a5cacfcc717ee7b6e818e5f8ae5586dde40e31,46
1361b-2,1,5b0f56fee8109b9a2c2da1f795cdeaa5036af7f1,2932
1361b-2,1,b0bc58b2e22b2dded0e5fbe03da9f66ab26dc773,5
1361b-2,1,c4af0ed0b097cc8a751472ebc9bb828f03dd247f,440
1361b-2,1,dd6164ed15085a86d6117bc34427b37859c6c391,259
1361b-2,1,2eef857752fb27b3803c52e12abf48e4a78329a4,242
1362b-2,1,42737cd65bab38b57ea8949256ab1dbc59f5d054,31319
1362b-2,1,5dd046e872a3d4a2d69e5d74a88f680516715f9f,11
1362b-2,1,bb5fb2d15b40f5c67f615a2ccbb5a4d273b97e2c,381
1362b-2,1,df77ec60709e680b780d2cb7091e668a8a743ebe,14253
1362b-2,1,25afc9c2dd52d85e9c8f6f24fba49b1ea5a17f3d,362
1362b-2,1,09634633b62eea664914842a286ee6c7ee969234,7047
1362b-2,1,7a1b004d0933e79da3f139e6dfc1fdda13a810e1,30
1362b-2,1,ceeef90eb147b9672c36201812711d41250edff7,6
1362b-2,1,09a5cacfcc717ee7b6e818e5f8ae5586dde40e31,19
1362b-2,1,dffe9f4aca637850465b0a374333d9ca32ec8450,260
1362b-2,1,40e39777fcb298ac7ca7d5faf34312877ab7c1b5,1158
1362b-2,1,c8049f8ff74e387f0186c4a0403c77a9904680ec,7
1362b-2,1,bd2c9008e805e7c7e00b75a42efee305a23039c1,155
1362b-2,1,9944892531d5fef392853d4c8785d2ef48c2362b,455
1362b-2,1,5184bc9d72461d477f2c9cb4fe24b55d5086c3e5,378
1362b-2,1,fa9b8cf2a48623699332ba6d42ca3af6f74e37ac,279
1362b-2,1,e71b3a360df3f6ab768aad29ec427ff13e2e610e,190
1362b-2,1,1d61e662b2ad7db660042ded32481498df55b05f,119
1362b-2,1,e3a327b28660dbb0ef3137d696a8b6294c527442,7
1306a-3,1,42737cd65bab38b57ea8949256ab1dbc59f5d054,38161
1306a-3,1,25afc9c2dd52d85e9c8f6f24fba49b1ea5a17f3d,572
1306a-3,1,27957660a97efa9a9104bb5329b3b2fd120cf083,1286
1306a-3,1,c2c5504fad8054bb4b57e18ae24c1e5267345799,94
1306a-3,1,7a1b004d0933e79da3f139e6dfc1fdda13a810e1,2610
1306a-3,1,ac4b8089c9fe78f74a96a4cda9a1d38c95ac845a,60
1306a-3,1,399416ccb8869808a5e3ca3bfeb97d2f047eac77,49
1306a-3,1,eb03ca8a7e6dfbbd5c2fc7d4156e886791938841,1649
1306a-3,1,40e39777fcb298ac7ca7d5faf34312877ab7c1b5,219
1306a-3,1,0db6bf3f570f5bc67de805db58870a2b7fd2de62,726
1306a-3,1,1743f8eaf67cde48a163da36605a8901790090ac,906
1306a-3,1,33ff014aa9fbfad12acecea55b50ca117b92e92e,581
1306a-3,1,1d57d128b26e79992dd44f28b5fe55d9459eea0c,251
1306a-3,1,100bf7cde7760fb02ce4552e2cd1c8f07135a3ff,90
1306a-3,1,05b14d548ce85e9f85737e592680eae05feaaea6,72
1306a-3,1,48b78a13fb721ad818cd01bc537475c12886758d,36
1361a-3,1,42737cd65bab38b57ea8949256ab1dbc59f5d054,51182
1361a-3,1,25afc9c2dd52d85e9c8f6f24fba49b1ea5a17f3d,700
1361a-3,1,27957660a97efa9a9104bb5329b3b2fd120cf083,473
1361a-3,1,a1074723eb0d29e49e3f8420bc6bc21a52e263df,7957
1361a-3,1,b814f677a8054c5c1d51a00beb382fb8a2a6c9f4,6767
1361a-3,1,c2c5504fad8054bb4b57e18ae24c1e5267345799,34
1361a-3,1,7a1b004d0933e79da3f139e6dfc1fdda13a810e1,1344
1361a-3,1,eb03ca8a7e6dfbbd5c2fc7d4156e886791938841,581
1361a-3,1,b6d9162e1a67c7cfff67f5fcc6960da428853a02,1729
1361a-3,1,0db6bf3f570f5bc67de805db58870a2b7fd2de62,219
1361a-3,1,65d581b29347942d034a587a104295569bb62224,787
1361a-3,1,33ff014aa9fbfad12acecea55b50ca117b92e92e,168
1361a-3,1,bd2c9008e805e7c7e00b75a42efee305a23039c1,415
1361a-3,1,52298494caad3237f09acba284d76f195919a306,445
1361a-3,1,1d57d128b26e79992dd44f28b5fe55d9459eea0c,82
1361a-3,1,e8e65ef742b28a892255cf9c2b0518acc6213d82,229
1361a-3,1,3fc9e6bd97f8d77c5a3a935b544f0a5e1ab3a41e,215
1361a-3,1,48b78a13fb721ad818cd01bc537475c12886758d,16
1362a-3,1,42737cd65bab38b57ea8949256ab1dbc59f5d054,46715
1362a-3,1,25afc9c2dd52d85e9c8f6f24fba49b1ea5a17f3d,949
1362a-3,1,b814f677a8054c5c1d51a00beb382fb8a2a6c9f4,194
1362a-3,1,c2c5504fad8054bb4b57e18ae24c1e5267345799,889
1362a-3,1,7a1b004d0933e79da3f139e6dfc1fdda13a810e1,8
1362a-3,1,1a57477efc4a7c8e63ae71c66d10b258345aa22e,2397
1362a-3,1,6284a2f04f8bd8b8e3e89b5c41d211b841a3234e,1491
1362a-3,1,a5874adbabc53f777c99fb9024505d9dee731280,382
1362a-3,1,66ca21d1d92baf73de5def31ef67b846a23a2342,970
1362a-3,1,a9ac787e006f8c12deaf3fec47abdf00e06f5bac,304
1362a-3,1,e82ae5b20a5af8cefd400a15e8ae21ab17a65607,229
1362a-3,1,0c10d8247dbf0fbf06cf727e808ed14f1d95a39c,124
1362a-3,1,bb4d084a2afa734b3221ab01eb315eb29f5861b8,90
1306b-3,1,42737cd65bab38b57ea8949256ab1dbc59f5d054,25148
1306b-3,1,25afc9c2dd52d85e9c8f6f24fba49b1ea5a17f3d,455
1306b-3,1,27957660a97efa9a9104bb5329b3b2fd120cf083,3857
1306b-3,1,c2c5504fad8054bb4b57e18ae24c1e5267345799,1908
1306b-3,1,7a1b004d0933e79da3f139e6dfc1fdda13a810e1,9
1306b-3,1,1a57477efc4a7c8e63ae71c66d10b258345aa22e,1242
1306b-3,1,6284a2f04f8bd8b8e3e89b5c41d211b841a3234e,663
1306b-3,1,66ca21d1d92baf73de5def31ef67b846a23a2342,673
1306b-3,1,0c10d8247dbf0fbf06cf727e808ed14f1d95a39c,66
1306b-3,1,889bb030c634d561ffd890e0e767b9db8063cc6b,106
1306b-3,1,2094f958f41be014f1fc7334cae1de960e83a6c4,26
1361b-3,1,42737cd65bab38b57ea8949256ab1dbc59f5d054,199612
1361b-3,1,5dd046e872a3d4a2d69e5d74a88f680516715f9f,25
1361b-3,1,c9e5500ec4ff0dc8d9a34998f3a04ced941702f3,18
1361b-3,1,25afc9c2dd52d85e9c8f6f24fba49b1ea5a17f3d,2425
1361b-3,1,27957660a97efa9a9104bb5329b3b2fd120cf083,2440
1361b-3,1,09634633b62eea664914842a286ee6c7ee969234,22
1361b-3,1,c2c5504fad8054bb4b57e18ae24c1e5267345799,743
1361b-3,1,7a1b004d0933e79da3f139e6dfc1fdda13a810e1,86
1361b-3,1,ba46c8ebde338d28e15b9ce8544a3e74a4632ba8,3648
1361b-3,1,1a57477efc4a7c8e63ae71c66d10b258345aa22e,131
1361b-3,1,ceeef90eb147b9672c36201812711d41250edff7,14
1361b-3,1,09a5cacfcc717ee7b6e818e5f8ae5586dde40e31,73
1361b-3,1,6284a2f04f8bd8b8e3e89b5c41d211b841a3234e,51
1361b-3,1,b31a1197e4cf81fed332eef51157dab0caf9ea0e,1795
1361b-3,1,a5874adbabc53f777c99fb9024505d9dee731280,722
1361b-3,1,d1ed0ccaa595672fd45d4a37bac7a0b0383d6beb,1017
1361b-3,1,dffe9f4aca637850465b0a374333d9ca32ec8450,707
1361b-3,1,c6436b42979a4fa8a9b2bc9b2588c514ae95b4df,1457
1361b-3,1,f0cbc36955810d6b51ffb5e49b03198511382a11,557
1361b-3,1,c8049f8ff74e387f0186c4a0403c77a9904680ec,23
1361b-3,1,b0bc58b2e22b2dded0e5fbe03da9f66ab26dc773,9
1361b-3,1,7fee9dab54296df1a82eb6cf20b64091dd22a50d,733
1361b-3,1,d72a4151a5ea8a6693477de5bfc879bc414584ec,685
1361b-3,1,6194b67a20890eea499ce0240162ad281f89e6db,619
1361b-3,1,70755fa452cf9c12c512e609d35086f756e904d3,596
1361b-3,1,1d5b6df04af99f880f206c2196f183de45507149,585
1361b-3,1,ade8e1187f3bfa2fb2f38db2b5cc4717787c4280,557
1361b-3,1,d0defc1f3cee9d4b54652222d1fba9a2b5a3b2bb,467
1361b-3,1,889bb030c634d561ffd890e0e767b9db8063cc6b,70
1361b-3,1,390aee699b56f52b0d2b6e5f458d711b30f0f177,65
1361b-3,1,c310631e1ca8fdc40737dbde32abd3bb68c789f9,48
1362b-3,1,42737cd65bab38b57ea8949256ab1dbc59f5d054,2349
1362b-3,1,5dd046e872a3d4a2d69e5d74a88f680516715f9f,8
1362b-3,1,c9e5500ec4ff0dc8d9a34998f3a04ced941702f3,9
1362b-3,1,27957660a97efa9a9104bb5329b3b2fd120cf083,22
1362b-3,1,c2c5504fad8054bb4b57e18ae24c1e5267345799,13
1362b-3,1,7a1b004d0933e79da3f139e6dfc1fdda13a810e1,40
1362b-3,1,09a5cacfcc717ee7b6e818e5f8ae5586dde40e31,31
1362b-3,1,6284a2f04f8bd8b8e3e89b5c41d211b841a3234e,20
1362b-3,1,c8049f8ff74e387f0186c4a0403c77a9904680ec,8
1362b-3,1,b0bc58b2e22b2dded0e5fbe03da9f66ab26dc773,3
1362b-3,1,390aee699b56f52b0d2b6e5f458d711b30f0f177,95
Positive-1,1,3d93e9753e58c59a65605680bf8a46735ed450e9,11594
Positive-1,1,f1565bdad12daa27c10f267d489a6c70f172c10b,466
Sample-1-1,1,42737cd65bab38b57ea8949256ab1dbc59f5d054,8
Sample-1-1,1,7edc82ae907368e2ba93f8d04552ca58def53f5b,14816
Sample-1-1,1,be9c3394b1617d1f252b55cfbc5d1bf95701e4cd,1344
Sample-1-1,1,5dd046e872a3d4a2d69e5d74a88f680516715f9f,775
Sample-1-1,1,46198a966b943c5f03fd710b52b7f74fc3e2ca5e,438
Sample-1-1,1,78bc87be1cb86ffd6ebb028518571db3bade8e4c,153
Sample-1-1,1,394941fe61578579e0311cf90225a8cdce9c63c9,348
Sample-1-1,1,760fc3cb05911cd49affeee1052ade0166c54bc9,65
Sample-1-1,1,100fda5174b43042ae1cc81916acdce81e9b2d21,130
Sample-1-1,1,452664a3e68d8afd0a9ad25581cb6d0e50a5a271,909
Sample-1-1,1,45583b2e75935f07b9c1999e5f0200283c24a7a0,101
Sample-1-1,1,84b6be1f6a1a1239676c851167614c2d681e18e9,228
Sample-1-1,1,6e1ebae1ae717fafb23478a381dce3a49ed7925b,160
Sample-1-1,1,05d80b4fbd3e2e3e1d7fb173b51a5a7f756b7da8,119
Sample-2-1,1,42737cd65bab38b57ea8949256ab1dbc59f5d054,13
Sample-2-1,1,7edc82ae907368e2ba93f8d04552ca58def53f5b,14718
Sample-2-1,1,5dd046e872a3d4a2d69e5d74a88f680516715f9f,789
Sample-2-1,1,394941fe61578579e0311cf90225a8cdce9c63c9,124
Sample-2-1,1,608ca2cb2d1470dd3f4d8ea3a0054534f1971658,237
Sample-2-1,1,8f79f2fe6aa55a3a8af1f60a1b8ca1cc2b7a62a9,366
Sample-2-1,1,760fc3cb05911cd49affeee1052ade0166c54bc9,1303
Sample-2-1,1,100fda5174b43042ae1cc81916acdce81e9b2d21,135
Sample-2-1,1,3fd5ca4246dfef9ef69bad738ae0ddb8314904d1,53
Sample-2-1,1,99ad40750dc44442450699ae2c8a5118380b3684,187
Sample-2-1,1,2e8dcbdc26d43ab36ee2864c5661f12a23be9524,135
Sample-2-1,1,3a259ea0acb1a1da9b0cca49de93bd24836cad22,287
Sample-2-1,1,db2b65dd77635828f6ba4e9845c212a57b37e7ef,275
Sample-2-1,1,11256afa70150c2cf56e9ed8e4dbf3dd15da860a,230
Sample-2-1,1,afff79cdf221553080f15a0cab07beec8680935e,165
Sample-3-1,1,7edc82ae907368e2ba93f8d04552ca58def53f5b,18817
Sample-3-1,1,be9c3394b1617d1f252b55cfbc5d1bf95701e4cd,1368
Sample-3-1,1,5dd046e872a3d4a2d69e5d74a88f680516715f9f,1184
Sample-3-1,1,394941fe61578579e0311cf90225a8cdce9c63c9,204
Sample-3-1,1,608ca2cb2d1470dd3f4d8ea3a0054534f1971658,193
Sample-3-1,1,100fda5174b43042ae1cc81916acdce81e9b2d21,10
Sample-3-1,1,ce668a68ba448eae1b213db527575f337218d320,173
Sample-3-1,1,aabd7e6a689836ba05bc360cd9aecacf70d0b1e9,82
Sample-3-1,1,1cc9d33eb2db36f2b1659befdb2df937aa966ac3,272
Sample-3-1,1,2b1499c40002713f01ea5a58620b93cd34631be6,144
Sample-3-1,1,3bf4da53689c9793c3951fa15f882a4d763f0131,152
Sample-3-1,1,3affc3f85e815d496cdd5ef256fd86b8f401670c,89
Sample-3-1,1,f8e4b85bfa71849ce020e210c99a8f33eca097fe,88
Sample-4-1,1,42737cd65bab38b57ea8949256ab1dbc59f5d054,11
Sample-4-1,1,7edc82ae907368e2ba93f8d04552ca58def53f5b,12643
Sample-4-1,1,be9c3394b1617d1f252b55cfbc5d1bf95701e4cd,3395
Sample-4-1,1,5dd046e872a3d4a2d69e5d74a88f680516715f9f,278
Sample-4-1,1,394941fe61578579e0311cf90225a8cdce9c63c9,170
Sample-4-1,1,100fda5174b43042ae1cc81916acdce81e9b2d21,2579
Sample-4-1,1,7a1b004d0933e79da3f139e6dfc1fdda13a810e1,277
Sample-4-1,1,92354c3d84e73f2fb87c115fcdcf9bc4518a1401,251
Sample-4-1,1,74066494c72c1695219c035c049f10e696375826,1123
Sample-4-1,1,1aefcd1ec0e9edfd07d63c3b4218c7bd7302bd11,561
Sample-4-1,1,c3e39c5d48dfc10b57441883547e7eb1ee3f8133,1085
Sample-4-1,1,99ad40750dc44442450699ae2c8a5118380b3684,256
Sample-4-1,1,410a6fcdca1c4757b455a55be34ece73c4e9e8bd,454
Sample-4-1,1,da6611bdf29abfe5fdc07cc6f4ddeca606a2be14,203
Sample-4-1,1,c6c5b7902b46dfac3bb7710da4fa63b6d05b597b,145
Sample-4-1,1,3160369406ee01aee74aa44b603347d213a72372,29
Sample-5-1,1,7edc82ae907368e2ba93f8d04552ca58def53f5b,3329
Sample-5-1,1,be9c3394b1617d1f252b55cfbc5d1bf95701e4cd,2045
Sample-5-1,1,5dd046e872a3d4a2d69e5d74a88f680516715f9f,1007
Sample-5-1,1,760fc3cb05911cd49affeee1052ade0166c54bc9,5
Sample-5-1,1,4aaeecd917e0d3bee9806e302d4a31f6a57e2d9c,1275
Sample-5-1,1,7ea6e77ed4ea2c8194e89dfae29c3bc672e35e61,333
Sample-5-1,1,407daed2d7defd46e5720986b669f75401ec1301,131
Sample-5-1,1,65a7986d45908fb8edff7f77378edc36d2645c0a,56
Sample-5-1,1,9870670b120ae89bb9dbbf009325df0afaec1bc7,50
Sample-6-1,1,7edc82ae907368e2ba93f8d04552ca58def53f5b,2444
Sample-6-1,1,be9c3394b1617d1f252b55cfbc5d1bf95701e4cd,4492
Sample-6-1,1,394941fe61578579e0311cf90225a8cdce9c63c9,848
Sample-6-1,1,608ca2cb2d1470dd3f4d8ea3a0054534f1971658,893
Sample-6-1,1,8f79f2fe6aa55a3a8af1f60a1b8ca1cc2b7a62a9,1733
Sample-6-1,1,ef0d6692a97482b76d31277f9bb51c62222b690e,2617
Sample-6-1,1,3fd5ca4246dfef9ef69bad738ae0ddb8314904d1,364
Sample-6-1,1,7818bdd7939aa411e9b402022f9eab34020aa16b,5
Sample-6-1,1,b23a79d58ecab99b9d0aa982da02816037a52b09,24
Sample-6-1,1,d24ce179c25b6cae3ebdf8dc0c37b3c669485eb5,302
Sample-6-1,1,e1a77473a2ffa8b92855c389a57729f5f77d329b,118
Sample-6-1,1,70150a6e8e3473da3c777b341913299ac814684a,7
Sample-7-1,1,42737cd65bab38b57ea8949256ab1dbc59f5d054,3
Sample-7-1,1,7edc82ae907368e2ba93f8d04552ca58def53f5b,2600
Sample-7-1,1,be9c3394b1617d1f252b55cfbc5d1bf95701e4cd,2601
Sample-7-1,1,5dd046e872a3d4a2d69e5d74a88f680516715f9f,1214
Sample-7-1,1,fb9e5c5202fae1a633b37b3445673ef44e3ca891,168
Sample-7-1,1,100fda5174b43042ae1cc81916acdce81e9b2d21,432
Sample-7-1,1,dcd5c0624182972839c97ca4bb77e8fac0372896,218
Sample-7-1,1,b23a79d58ecab99b9d0aa982da02816037a52b09,1502
Sample-7-1,1,dfbbf295e0516024931b8d67a7c9adb1e4ea2ce9,631
Sample-7-1,1,d50087bce623e9a56807454144cf8baa264fbe2e,351
Sample-7-1,1,812f33adc0c590b7897d8e5c12114d737006f71a,382
Sample-7-1,1,0ce379745bbbd11f9c38625b058c5737e899c0b3,332
Sample-7-1,1,a1d6a249bcefdf19557603a99331a5e6a27045fa,142
Sample-7-1,1,cc2ceade627f577afafb1b40deafa3394023a022,6
Sample-8-1,1,7edc82ae907368e2ba93f8d04552ca58def53f5b,111
Sample-8-1,1,be9c3394b1617d1f252b55cfbc5d1bf95701e4cd,750
Sample-8-1,1,394941fe61578579e0311cf90225a8cdce9c63c9,451
Sample-8-1,1,8f79f2fe6aa55a3a8af1f60a1b8ca1cc2b7a62a9,1113
Sample-8-1,1,f04dfb5d3fbfe90fca6048f60fa8a058268d8109,819
Sample-8-1,1,ca1ee9857ce82b01b6c5f0a12950e4da57b64ec3,503
Sample-8-1,1,c0929ab26e189ce08b3963d73642564733be334c,311
Sample-9-1,1,7edc82ae907368e2ba93f8d04552ca58def53f5b,2616
Sample-9-1,1,be9c3394b1617d1f252b55cfbc5d1bf95701e4cd,327
Sample-9-1,1,7a1b004d0933e79da3f139e6dfc1fdda13a810e1,56
Sample-9-1,1,e4fb935347c936e9f780f29f7580526ffeb5ac44,40
Sample-10-1,1,7edc82ae907368e2ba93f8d04552ca58def53f5b,7800
Sample-10-1,1,be9c3394b1617d1f252b55cfbc5d1bf95701e4cd,1168
Sample-10-1,1,8f79f2fe6aa55a3a8af1f60a1b8ca1cc2b7a62a9,348
Sample-10-1,1,100fda5174b43042ae1cc81916acdce81e9b2d21,315
Sample-10-1,1,7e64e0647024285734067fc180856d8233531fd4,1078
Sample-10-1,1,bdb0117a6e27eeeb0304b4aff8b0d2d601086d85,439
Sample-10-1,1,fc7c6e8ca5d53048d3955f4c5f5724ce055b2814,801
Sample-10-1,1,a8d2792c45916adb2f78002af52dc30809782428,290
Sample-10-1,1,cb1951c5ab044ea51ef4cde838035489d02b1801,258
Sample-10-1,1,0455ba93a438ff6f680a08f2c5ec6799c7e75121,108
Sample-10-1,1,36fac135225f0fc880bfd427fa8dca12e2873e27,3
Sample-10-1,1,53039bcab7bc21d278e98986294b49744e6b06ca,2
Sample-11-1,1,7edc82ae907368e2ba93f8d04552ca58def53f5b,1039
Sample-11-1,1,be9c3394b1617d1f252b55cfbc5d1bf95701e4cd,310
Sample-12-1,1,7edc82ae907368e2ba93f8d04552ca58def53f5b,9820
Sample-12-1,1,be9c3394b1617d1f252b55cfbc5d1bf95701e4cd,2053
Sample-12-1,1,5dd046e872a3d4a2d69e5d74a88f680516715f9f,1565
Sample-12-1,1,78bc87be1cb86ffd6ebb028518571db3bade8e4c,167
Sample-12-1,1,394941fe61578579e0311cf90225a8cdce9c63c9,47
Sample-12-1,1,100fda5174b43042ae1cc81916acdce81e9b2d21,1010
Sample-12-1,1,9c9a29499030c39f474ca37c50e7132f298e9958,2530
Sample-12-1,1,c7dd3387fa8524dd92a9724b3a520f03a246e176,314
Sample-12-1,1,13238336e05c458af0abc65bf2423f7827ba488e,732
Sample-12-1,1,e1ddb675718211f43abcc286ddb039bf48cda05f,139
Sample-12-1,1,a9f36aaafa9ec370cb3e51b4bb21bb609d804bc1,69
Sample-13-1,1,7edc82ae907368e2ba93f8d04552ca58def53f5b,13664
Sample-13-1,1,be9c3394b1617d1f252b55cfbc5d1bf95701e4cd,2543
Sample-13-1,1,5dd046e872a3d4a2d69e5d74a88f680516715f9f,4699
Sample-13-1,1,78bc87be1cb86ffd6ebb028518571db3bade8e4c,4523
Sample-13-1,1,9c9a29499030c39f474ca37c50e7132f298e9958,378
Sample-13-1,1,c858030af9d3469e47d9b90f5fbe435774867677,532
Sample-13-1,1,dcd64feee9f077095a1ec234a2c612431282481b,917
Sample-13-1,1,c5c9292b1299f44d8ef53d164ecf420695e5f686,1925
Sample-13-1,1,5c2742984f6534155f7ed5c1f5f1346ccfb43cc1,458
Sample-13-1,1,783a0aa5ecaf9fa73517b749ccfe004c3062d0aa,258
Sample-13-1,1,43bd4dd3bcc166ce63e704fcbfb358901238d30c,213
Sample-13-1,1,9071f5d2a39d1f0dbafe8e9cdf2b47ee6d38555d,129
Sample-13-1,1,cec58c58888e6fc92141fdc4f7999edb426930c7,122
Sample-13-1,1,67426f1effac1e9c2a63c369db88b2caff0b4566,71
Sample-19-1,1,7edc82ae907368e2ba93f8d04552ca58def53f5b,8621
Sample-19-1,1,5dd046e872a3d4a2d69e5d74a88f680516715f9f,24235
Sample-19-1,1,394941fe61578579e0311cf90225a8cdce9c63c9,5023
Sample-19-1,1,2dc7b1c32e68a132f7b42b1acaf4aa5680d5f381,1138
Sample-19-1,1,bdb0117a6e27eeeb0304b4aff8b0d2d601086d85,736
Sample-19-1,1,f1565bdad12daa27c10f267d489a6c70f172c10b,35
Sample-19-1,1,9760b5671e40d45779f4d7a73a623c050469efaf,283
Sample-49-1,1,42737cd65bab38b57ea8949256ab1dbc59f5d054,18
Sample-49-1,1,7edc82ae907368e2ba93f8d04552ca58def53f5b,95
Sample-49-1,1,be9c3394b1617d1f252b55cfbc5d1bf95701e4cd,4550
Sample-49-1,1,5dd046e872a3d4a2d69e5d74a88f680516715f9f,12110
Sample-49-1,1,394941fe61578579e0311cf90225a8cdce9c63c9,415
Sample-49-1,1,f1565bdad12daa27c10f267d489a6c70f172c10b,28
Sample-49-1,1,82f300af404c8a1f02439386fecbdc7bfe1b45e5,250
Sample-49-1,1,93b0ef4c8ce273218a5d5bb9e0a69d31b6c69e6d,244
Sample-20-1,1,7edc82ae907368e2ba93f8d04552ca58def53f5b,542
Sample-20-1,1,be9c3394b1617d1f252b55cfbc5d1bf95701e4cd,6173
Sample-20-1,1,5dd046e872a3d4a2d69e5d74a88f680516715f9f,2943
Sample-20-1,1,78bc87be1cb86ffd6ebb028518571db3bade8e4c,1509
Sample-20-1,1,394941fe61578579e0311cf90225a8cdce9c63c9,235
Sample-20-1,1,608ca2cb2d1470dd3f4d8ea3a0054534f1971658,630
Sample-20-1,1,760fc3cb05911cd49affeee1052ade0166c54bc9,37
Sample-20-1,1,9c9a29499030c39f474ca37c50e7132f298e9958,288
Sample-20-1,1,ee218cad8a54bc88b50a55f98142e40dc25a413c,1220
Sample-20-1,1,8e898a3bb1c07eb189ed8b6e917b0bfe337e32c0,91
Sample-24-1,1,7edc82ae907368e2ba93f8d04552ca58def53f5b,1399
Sample-24-1,1,be9c3394b1617d1f252b55cfbc5d1bf95701e4cd,2052
Sample-24-1,1,5dd046e872a3d4a2d69e5d74a88f680516715f9f,3865
Sample-24-1,1,78bc87be1cb86ffd6ebb028518571db3bade8e4c,588
Sample-24-1,1,608ca2cb2d1470dd3f4d8ea3a0054534f1971658,3297
Sample-24-1,1,8f79f2fe6aa55a3a8af1f60a1b8ca1cc2b7a62a9,180
Sample-24-1,1,9c9a29499030c39f474ca37c50e7132f298e9958,6629
Sample-24-1,1,1d95dbb601a3f790ec264e4df021a0d37a7ff29a,2277
Sample-24-1,1,e4e03974b68eb583b3515cc8354a3084f2d6195d,1496
Sample-24-1,1,43a60337dfe11e4d25ee0fe84ba817ca28eb3e12,869
Sample-24-1,1,1b284175ce72984f0651a3a555771c62caa76db2,261
Sample-24-1,1,42f17fb1d7f714eeb0bd58e43eef5591fd8f94d1,182
Sample-25-1,1,42737cd65bab38b57ea8949256ab1dbc59f5d054,3
Sample-25-1,1,7edc82ae907368e2ba93f8d04552ca58def53f5b,8707
Sample-25-1,1,5dd046e872a3d4a2d69e5d74a88f680516715f9f,2970
Sample-25-1,1,ce668a68ba448eae1b213db527575f337218d320,2141
Sample-25-1,1,63b90b1361d041e077001244b217d74d5f0b1691,2263
Sample-25-1,1,f1565bdad12daa27c10f267d489a6c70f172c10b,8
Sample-25-1,1,884765310761837242b484545c130cf6a9d0b4fb,156
Sample-25-1,1,2b6e732aed5c3648c5cb89f819a822a091a224c7,214
Sample-25-1,1,15624d648c8107824804c5e30692f94e4991970a,200
Sample-21-1,1,42737cd65bab38b57ea8949256ab1dbc59f5d054,6
Sample-21-1,1,7edc82ae907368e2ba93f8d04552ca58def53f5b,1389
Sample-21-1,1,be9c3394b1617d1f252b55cfbc5d1bf95701e4cd,2169
Sample-21-1,1,5dd046e872a3d4a2d69e5d74a88f680516715f9f,236
Sample-21-1,1,46198a966b943c5f03fd710b52b7f74fc3e2ca5e,131
Sample-21-1,1,8f79f2fe6aa55a3a8af1f60a1b8ca1cc2b7a62a9,2666
Sample-21-1,1,7818bdd7939aa411e9b402022f9eab34020aa16b,2178
Sample-21-1,1,35dcdb2c0d4066ecf59fbfbd1b5730fbbdbd2bf2,2078
Sample-21-1,1,f1565bdad12daa27c10f267d489a6c70f172c10b,11
Sample-28-1,1,42737cd65bab38b57ea8949256ab1dbc59f5d054,7
Sample-28-1,1,7edc82ae907368e2ba93f8d04552ca58def53f5b,196
Sample-28-1,1,be9c3394b1617d1f252b55cfbc5d1bf95701e4cd,1414
Sample-28-1,1,5dd046e872a3d4a2d69e5d74a88f680516715f9f,5505
Sample-28-1,1,46198a966b943c5f03fd710b52b7f74fc3e2ca5e,1903
Sample-28-1,1,78bc87be1cb86ffd6ebb028518571db3bade8e4c,260
Sample-28-1,1,760fc3cb05911cd49affeee1052ade0166c54bc9,906
Sample-28-1,1,dcd64feee9f077095a1ec234a2c612431282481b,7667
Sample-28-1,1,7818bdd7939aa411e9b402022f9eab34020aa16b,17
Sample-28-1,1,f1565bdad12daa27c10f267d489a6c70f172c10b,28
Sample-28-1,1,e69ff5f114e5297af85d91ed9ca2e53f193f82f2,474
Sample-29-1,1,7edc82ae907368e2ba93f8d04552ca58def53f5b,143
Sample-29-1,1,5dd046e872a3d4a2d69e5d74a88f680516715f9f,1882
Sample-29-1,1,46198a966b943c5f03fd710b52b7f74fc3e2ca5e,3487
Sample-29-1,1,fb9e5c5202fae1a633b37b3445673ef44e3ca891,591
Sample-29-1,1,d68c3101ff8e0732ac570feb0cf07fd3efdb2421,533
Sample-29-1,1,f1565bdad12daa27c10f267d489a6c70f172c10b,31
Sample-29-1,1,b911bcd22f9049061700b88e14aaf98018f73af2,261
Sample-29-1,1,28c361835091b2c414b923fb2ea975efad879cb7,51
Sample-30-1,1,7edc82ae907368e2ba93f8d04552ca58def53f5b,79
Sample-30-1,1,5dd046e872a3d4a2d69e5d74a88f680516715f9f,4541
Sample-30-1,1,46198a966b943c5f03fd710b52b7f74fc3e2ca5e,32
Sample-32-1,1,42737cd65bab38b57ea8949256ab1dbc59f5d054,4
Sample-32-1,1,394941fe61578579e0311cf90225a8cdce9c63c9,34
Sample-32-1,1,760fc3cb05911cd49affeee1052ade0166c54bc9,1264
Sample-34-1,1,46198a966b943c5f03fd710b52b7f74fc3e2ca5e,5778
Sample-34-1,1,932043d71348ec0b563e49ed7c38a945f0903b60,6335
Sample-34-1,1,760fc3cb05911cd49affeee1052ade0166c54bc9,593
Sample-34-1,1,100fda5174b43042ae1cc81916acdce81e9b2d21,147
Sample-34-1,1,7a1b004d0933e79da3f139e6dfc1fdda13a810e1,106
Sample-34-1,1,888b5269b255e3f00cd39354100c5b5bece8e7d9,221
Sample-34-1,1,de5df6ea51bfefb74ccc039cb00e47fee54187ce,171
Sample-34-1,1,9c5c5e0f0e4bb96000257c947340b3d69ed679ae,120
Sample-34-1,1,80eedb581749a9850e454d56ea56dde1f55fb216,91
Positive-2,1,3d93e9753e58c59a65605680bf8a46735ed450e9,18491
Positive-2,1,d0f8020c13b75fe2ea9d3824125f82a4185282ff,211
Sample-1-2,1,7edc82ae907368e2ba93f8d04552ca58def53f5b,17897
Sample-1-2,1,5dd046e872a3d4a2d69e5d74a88f680516715f9f,207
Sample-1-2,1,394941fe61578579e0311cf90225a8cdce9c63c9,222
Sample-1-2,1,608ca2cb2d1470dd3f4d8ea3a0054534f1971658,198
Sample-1-2,1,760fc3cb05911cd49affeee1052ade0166c54bc9,686
Sample-1-2,1,100fda5174b43042ae1cc81916acdce81e9b2d21,251
Sample-1-2,1,c858030af9d3469e47d9b90f5fbe435774867677,1072
Sample-1-2,1,dcd5c0624182972839c97ca4bb77e8fac0372896,73
Sample-1-2,1,452664a3e68d8afd0a9ad25581cb6d0e50a5a271,215
Sample-1-2,1,2dc7b1c32e68a132f7b42b1acaf4aa5680d5f381,143
Sample-1-2,1,0fae98ecd722bb3050b089ee8163e9440606d237,294
Sample-1-2,1,9163723a18e3c4155e5793463872520999a29c6b,3
Sample-2-2,1,7edc82ae907368e2ba93f8d04552ca58def53f5b,15640
Sample-2-2,1,be9c3394b1617d1f252b55cfbc5d1bf95701e4cd,820
Sample-2-2,1,5dd046e872a3d4a2d69e5d74a88f680516715f9f,540
Sample-2-2,1,46198a966b943c5f03fd710b52b7f74fc3e2ca5e,544
Sample-2-2,1,394941fe61578579e0311cf90225a8cdce9c63c9,75
Sample-2-2,1,608ca2cb2d1470dd3f4d8ea3a0054534f1971658,48
Sample-2-2,1,8f79f2fe6aa55a3a8af1f60a1b8ca1cc2b7a62a9,218
Sample-2-2,1,760fc3cb05911cd49affeee1052ade0166c54bc9,686
Sample-2-2,1,100fda5174b43042ae1cc81916acdce81e9b2d21,79
Sample-2-2,1,ce668a68ba448eae1b213db527575f337218d320,21
Sample-2-2,1,3fd5ca4246dfef9ef69bad738ae0ddb8314904d1,109
Sample-2-2,1,0fae98ecd722bb3050b089ee8163e9440606d237,248
Sample-2-2,1,8d9ed01f68dd67de42dfd13bb501d0fde7857de2,298
Sample-2-2,1,2e8dcbdc26d43ab36ee2864c5661f12a23be9524,360
Sample-3-2,1,7edc82ae907368e2ba93f8d04552ca58def53f5b,21913
Sample-3-2,1,5dd046e872a3d4a2d69e5d74a88f680516715f9f,1618
Sample-3-2,1,394941fe61578579e0311cf90225a8cdce9c63c9,571
Sample-3-2,1,608ca2cb2d1470dd3f4d8ea3a0054534f1971658,407
Sample-3-2,1,760fc3cb05911cd49affeee1052ade0166c54bc9,69
Sample-3-2,1,c858030af9d3469e47d9b90f5fbe435774867677,1037
Sample-3-2,1,c5c9292b1299f44d8ef53d164ecf420695e5f686,174
Sample-3-2,1,ce668a68ba448eae1b213db527575f337218d320,16
Sample-3-2,1,2b1499c40002713f01ea5a58620b93cd34631be6,79
Sample-4-2,1,7edc82ae907368e2ba93f8d04552ca58def53f5b,16484
Sample-4-2,1,394941fe61578579e0311cf90225a8cdce9c63c9,276
Sample-4-2,1,fb9e5c5202fae1a633b37b3445673ef44e3ca891,491
Sample-4-2,1,c858030af9d3469e47d9b90f5fbe435774867677,1490
Sample-4-2,1,92354c3d84e73f2fb87c115fcdcf9bc4518a1401,1413
Sample-4-2,1,5679c766b0066bac89b0f2c5304d4d3272539bb0,2116
Sample-4-2,1,74066494c72c1695219c035c049f10e696375826,141
Sample-4-2,1,f10f728edf88fb0d65eb90238908547c70020bc9,480
Sample-4-2,1,ca9c7302408dbb56316c8a4af815244dbbfb7fe6,471
Sample-4-2,1,c7dd3387fa8524dd92a9724b3a520f03a246e176,578
Sample-4-2,1,d50087bce623e9a56807454144cf8baa264fbe2e,116
Sample-4-2,1,73df267afd92e2ee63c7d842b1ad65e2656cad4e,418
Sample-4-2,1,e1876af2e429d3d4b34173c425fa4465df5d5e50,256
Sample-4-2,1,6ebcb10b1939b7134cb688b8e9597f0b13198509,89
Sample-5-2,1,7edc82ae907368e2ba93f8d04552ca58def53f5b,5764
Sample-5-2,1,be9c3394b1617d1f252b55cfbc5d1bf95701e4cd,1414
Sample-5-2,1,5dd046e872a3d4a2d69e5d74a88f680516715f9f,774
Sample-5-2,1,394941fe61578579e0311cf90225a8cdce9c63c9,444
Sample-5-2,1,3cf5d19c7e85519f354153a81bb1d2d2ba91a156,3390
Sample-5-2,1,cd8e7d35230f022b65884e3bb0ad7ed2bdd325a5,188
Sample-5-2,1,6ad83ad48534100928194b9834d0a918c9db4b0d,660
Sample-5-2,1,1bc9604560a063ab74b223697d3a810c31f18a18,10
Sample-6-2,1,7edc82ae907368e2ba93f8d04552ca58def53f5b,4438
Sample-6-2,1,be9c3394b1617d1f252b55cfbc5d1bf95701e4cd,4901
Sample-6-2,1,5dd046e872a3d4a2d69e5d74a88f680516715f9f,2042
Sample-6-2,1,78bc87be1cb86ffd6ebb028518571db3bade8e4c,399
Sample-6-2,1,394941fe61578579e0311cf90225a8cdce9c63c9,541
Sample-6-2,1,fb9e5c5202fae1a633b37b3445673ef44e3ca891,731
Sample-6-2,1,bc10f9a02dabe816c76a829640b45b9f4e4e8a33,462
Sample-6-2,1,e4e03974b68eb583b3515cc8354a3084f2d6195d,175
Sample-6-2,1,49f6c9e28f7e359a298866e1fe052a5a44fb8d59,246
Sample-6-2,1,d76d41b4f1656bfb48f8994bff965edc9e5e7a20,240
Sample-6-2,1,dcaa614525208d055f4c1ad6a092ba7e54d3e9a2,140
Sample-7-2,1,7edc82ae907368e2ba93f8d04552ca58def53f5b,5920
Sample-7-2,1,5dd046e872a3d4a2d69e5d74a88f680516715f9f,328
Sample-7-2,1,394941fe61578579e0311cf90225a8cdce9c63c9,337
Sample-7-2,1,608ca2cb2d1470dd3f4d8ea3a0054534f1971658,57
Sample-7-2,1,fb9e5c5202fae1a633b37b3445673ef44e3ca891,56
Sample-7-2,1,100fda5174b43042ae1cc81916acdce81e9b2d21,94
Sample-7-2,1,7d3b2fd17279d4feb95be4890d9953a3f167d752,768
Sample-7-2,1,ca9c7302408dbb56316c8a4af815244dbbfb7fe6,266
Sample-7-2,1,d5cf90e2c41f2e765883724683d8e75066516b82,464
Sample-7-2,1,004d0d0b0bcf29af279c26572ac48d270e799fc1,4
Sample-8-2,1,7edc82ae907368e2ba93f8d04552ca58def53f5b,11405
Sample-8-2,1,be9c3394b1617d1f252b55cfbc5d1bf95701e4cd,2500
Sample-8-2,1,78bc87be1cb86ffd6ebb028518571db3bade8e4c,778
Sample-8-2,1,394941fe61578579e0311cf90225a8cdce9c63c9,383
Sample-8-2,1,100fda5174b43042ae1cc81916acdce81e9b2d21,279
Sample-8-2,1,9c9a29499030c39f474ca37c50e7132f298e9958,133
Sample-8-2,1,c6a6d79fc13d295f57c7f66ec84748c9f7ee8cf6,1558
Sample-8-2,1,bc10f9a02dabe816c76a829640b45b9f4e4e8a33,759
Sample-8-2,1,74066494c72c1695219c035c049f10e696375826,283
Sample-8-2,1,a4b027b4c2456fd7b71a5ba8e1416c3430d4d134,1666
Sample-8-2,1,5c28bbd3086276af641abdf7883b6c8f9914b43c,654
Sample-8-2,1,a8c25afb9f9cabc0794791d3b5d0eabe2b13296c,434
Sample-8-2,1,ad99993f8268ab299da1fbd192b4fd9680dc2a8b,98
Sample-8-2,1,17165fcae632359c6878a7c5b97f7da9eaf398c0,92
Sample-9-2,1,7edc82ae907368e2ba93f8d04552ca58def53f5b,9621
Sample-9-2,1,5dd046e872a3d4a2d69e5d74a88f680516715f9f,49
Sample-9-2,1,394941fe61578579e0311cf90225a8cdce9c63c9,578
Sample-9-2,1,100fda5174b43042ae1cc81916acdce81e9b2d21,532
Sample-9-2,1,7a1b004d0933e79da3f139e6dfc1fdda13a810e1,168
Sample-9-2,1,c5c9292b1299f44d8ef53d164ecf420695e5f686,1213
Sample-9-2,1,dcd5c0624182972839c97ca4bb77e8fac0372896,123
Sample-9-2,1,74066494c72c1695219c035c049f10e696375826,154
Sample-9-2,1,7e64e0647024285734067fc180856d8233531fd4,421
Sample-9-2,1,0efd8f9c055ecd7620fec4be7091a76e93c6b5a8,997
Sample-9-2,1,fc7c6e8ca5d53048d3955f4c5f5724ce055b2814,107
Sample-10-2,1,7edc82ae907368e2ba93f8d04552ca58def53f5b,9456
Sample-10-2,1,608ca2cb2d1470dd3f4d8ea3a0054534f1971658,243
Sample-10-2,1,8f79f2fe6aa55a3a8af1f60a1b8ca1cc2b7a62a9,399
Sample-10-2,1,100fda5174b43042ae1cc81916acdce81e9b2d21,14
Sample-10-2,1,556c7a3b66ded49202ca50139c4a60fa5d3f86f5,1053
Sample-10-2,1,3aaaf0aca08f50bf736726e4a38ffa83dced61ea,434
Sample-10-2,1,cb1951c5ab044ea51ef4cde838035489d02b1801,18
Sample-10-2,1,ef299903ce4d3b8eec1b8b51940ffa2939ef2461,26
Sample-11-2,1,7edc82ae907368e2ba93f8d04552ca58def53f5b,7885
Sample-11-2,1,be9c3394b1617d1f252b55cfbc5d1bf95701e4cd,3613
Sample-11-2,1,5dd046e872a3d4a2d69e5d74a88f680516715f9f,247
Sample-11-2,1,394941fe61578579e0311cf90225a8cdce9c63c9,92
Sample-11-2,1,c858030af9d3469e47d9b90f5fbe435774867677,983
Sample-11-2,1,bc10f9a02dabe816c76a829640b45b9f4e4e8a33,315
Sample-11-2,1,e4fb935347c936e9f780f29f7580526ffeb5ac44,51
Sample-11-2,1,5c2742984f6534155f7ed5c1f5f1346ccfb43cc1,682
Sample-11-2,1,2b9adc766165fa6ba3841ecb2833a8324a9c393a,282
Sample-11-2,1,f1fd215884d0fc3c465b9b676fa17167fa735c3b,227
Sample-11-2,1,4152ac722579e700e5da3eb2dc328a1728cee09c,197
Sample-12-2,1,7edc82ae907368e2ba93f8d04552ca58def53f5b,17164
Sample-12-2,1,394941fe61578579e0311cf90225a8cdce9c63c9,133
Sample-12-2,1,e7ccbe98228c1564c32f6e7d7b9235a0f1fe0f87,939
Sample-12-2,1,2063eea4ea5f1b9fc89627c8f0020b45c3f1620c,272
Sample-12-2,1,0517834d9bd1719255f1f0f834f4da053b333c2d,225
Sample-12-2,1,0c84048341448498c31795c3107c46ec7100a9e6,83
Sample-13-2,1,7edc82ae907368e2ba93f8d04552ca58def53f5b,23835
Sample-13-2,1,be9c3394b1617d1f252b55cfbc5d1bf95701e4cd,2555
Sample-13-2,1,5dd046e872a3d4a2d69e5d74a88f680516715f9f,2940
Sample-13-2,1,78bc87be1cb86ffd6ebb028518571db3bade8e4c,2936
Sample-13-2,1,760fc3cb05911cd49affeee1052ade0166c54bc9,157
Sample-13-2,1,100fda5174b43042ae1cc81916acdce81e9b2d21,2
Sample-13-2,1,dcd64feee9f077095a1ec234a2c612431282481b,193
Sample-13-2,1,3ebe7b5a3f047060193da6604224874497d27085,2792
Sample-13-2,1,c5c9292b1299f44d8ef53d164ecf420695e5f686,1013
Sample-13-2,1,bc10f9a02dabe816c76a829640b45b9f4e4e8a33,1159
Sample-13-2,1,f2f3127460d6e7250abb6386cb0af25b9c264fc8,1578
Sample-13-2,1,3534db907d38870494e7759d7b7e84499c3320c2,664
Sample-13-2,1,d20c0e33de9bc1ff5c17ecb93d25dde000fb56c8,1403
Sample-13-2,1,7d3b2fd17279d4feb95be4890d9953a3f167d752,177
Sample-13-2,1,6380b3f27494cbe5455ad21dbd01dd5dc8039c24,803
Sample-13-2,1,f1565bdad12daa27c10f267d489a6c70f172c10b,27
Sample-13-2,1,f24e923466243dea18aade30cdbe520da3f7ec2d,428
Sample-13-2,1,0edd7988dedc99f43fc8252ca6f517da7b324ce5,289
Sample-13-2,1,785d5ea044b77bcb8ec086517ac05d66e0e4572f,137
Sample-19-2,1,7edc82ae907368e2ba93f8d04552ca58def53f5b,1311
Sample-19-2,1,be9c3394b1617d1f252b55cfbc5d1bf95701e4cd,2397
Sample-19-2,1,760fc3cb05911cd49affeee1052ade0166c54bc9,122
Sample-19-2,1,dcd64feee9f077095a1ec234a2c612431282481b,412
Sample-19-2,1,3ebe7b5a3f047060193da6604224874497d27085,2819
Sample-19-2,1,3534db907d38870494e7759d7b7e84499c3320c2,780
Sample-19-2,1,7d3b2fd17279d4feb95be4890d9953a3f167d752,163
Sample-19-2,1,785d5ea044b77bcb8ec086517ac05d66e0e4572f,138
Sample-48-2,1,7edc82ae907368e2ba93f8d04552ca58def53f5b,1070
Sample-48-2,1,be9c3394b1617d1f252b55cfbc5d1bf95701e4cd,6071
Sample-48-2,1,5dd046e872a3d4a2d69e5d74a88f680516715f9f,1660
Sample-48-2,1,78bc87be1cb86ffd6ebb028518571db3bade8e4c,163
Sample-48-2,1,394941fe61578579e0311cf90225a8cdce9c63c9,311
Sample-48-2,1,760fc3cb05911cd49affeee1052ade0166c54bc9,237
Sample-48-2,1,3fd5ca4246dfef9ef69bad738ae0ddb8314904d1,1630
Sample-48-2,1,f24e923466243dea18aade30cdbe520da3f7ec2d,23
Sample-49-2,1,7edc82ae907368e2ba93f8d04552ca58def53f5b,1061
Sample-49-2,1,be9c3394b1617d1f252b55cfbc5d1bf95701e4cd,5172
Sample-49-2,1,394941fe61578579e0311cf90225a8cdce9c63c9,17
Sample-49-2,1,760fc3cb05911cd49affeee1052ade0166c54bc9,17
Sample-49-2,1,3fd5ca4246dfef9ef69bad738ae0ddb8314904d1,71
Sample-49-2,1,1bc9604560a063ab74b223697d3a810c31f18a18,338
Sample-49-2,1,a576955e2358a9793040a7f933d51c9c642e1385,311
Sample-20-2,1,7edc82ae907368e2ba93f8d04552ca58def53f5b,115
Sample-20-2,1,be9c3394b1617d1f252b55cfbc5d1bf95701e4cd,4095
Sample-20-2,1,78bc87be1cb86ffd6ebb028518571db3bade8e4c,377
Sample-20-2,1,394941fe61578579e0311cf90225a8cdce9c63c9,671
Sample-20-2,1,608ca2cb2d1470dd3f4d8ea3a0054534f1971658,706
Sample-20-2,1,100fda5174b43042ae1cc81916acdce81e9b2d21,1218
Sample-20-2,1,ad6ba130f37151ceadf230c16ac5f967407bb315,3703
Sample-20-2,1,3fd5ca4246dfef9ef69bad738ae0ddb8314904d1,91
Sample-20-2,1,1b9200f53b4b51fe71c6013cd9cd9cf849168f1d,412
Sample-20-2,1,a80cda34f59b0bb5d8f7624b430f4b00e5802260,147
Sample-20-2,1,a716fb9ea235757c6e77667dcc2558fd922c3a6e,112
Sample-20-2,1,b8b0dc32c7ef50bddb6e387840e101718d708ac6,69
Sample-24-2,1,7edc82ae907368e2ba93f8d04552ca58def53f5b,484
Sample-24-2,1,be9c3394b1617d1f252b55cfbc5d1bf95701e4cd,6786
Sample-24-2,1,5dd046e872a3d4a2d69e5d74a88f680516715f9f,1204
Sample-24-2,1,78bc87be1cb86ffd6ebb028518571db3bade8e4c,2667
Sample-24-2,1,394941fe61578579e0311cf90225a8cdce9c63c9,133
Sample-24-2,1,608ca2cb2d1470dd3f4d8ea3a0054534f1971658,812
Sample-24-2,1,8f79f2fe6aa55a3a8af1f60a1b8ca1cc2b7a62a9,659
Sample-24-2,1,760fc3cb05911cd49affeee1052ade0166c54bc9,548
Sample-24-2,1,100fda5174b43042ae1cc81916acdce81e9b2d21,37
Sample-24-2,1,9c9a29499030c39f474ca37c50e7132f298e9958,671
Sample-24-2,1,ad6ba130f37151ceadf230c16ac5f967407bb315,67
Sample-24-2,1,f26cd81e43228193c0ef550b8062347594ad1e79,25
Sample-24-2,1,d661f8f447e8774603e13671a48f68bca4056e19,14
Sample-24-2,1,fe9e7f88a26464176e6cc41ed6e45597c997bedf,6
Sample-25-2,1,7edc82ae907368e2ba93f8d04552ca58def53f5b,3086
Sample-25-2,1,5dd046e872a3d4a2d69e5d74a88f680516715f9f,3197
Sample-25-2,1,100fda5174b43042ae1cc81916acdce81e9b2d21,4333
Sample-25-2,1,c858030af9d3469e47d9b90f5fbe435774867677,2488
Sample-25-2,1,c92f17b1c5a74a9a9ea00eafd6e7b169009ec860,4600
Sample-25-2,1,c83930c58ae30b83c09fb80ca8ac2ab1b171517a,344
Sample-25-2,1,1d02d170c8513ee6c5cdd34bb0ddab9e8dadbf87,240
Sample-25-2,1,5aacd1d1f03bf390fc4c8b8d8c124bd95b5aa0ee,9
Sample-21-2,1,42737cd65bab38b57ea8949256ab1dbc59f5d054,4
Sample-21-2,1,7edc82ae907368e2ba93f8d04552ca58def53f5b,3626
Sample-21-2,1,be9c3394b1617d1f252b55cfbc5d1bf95701e4cd,6595
Sample-21-2,1,5dd046e872a3d4a2d69e5d74a88f680516715f9f,7156
Sample-21-2,1,46198a966b943c5f03fd710b52b7f74fc3e2ca5e,15345
Sample-21-2,1,608ca2cb2d1470dd3f4d8ea3a0054534f1971658,8291
Sample-21-2,1,100fda5174b43042ae1cc81916acdce81e9b2d21,106
Sample-21-2,1,c92f17b1c5a74a9a9ea00eafd6e7b169009ec860,85
Sample-21-2,1,906aefd078a395b00c208e784eaabe95adbf6961,1231
Sample-21-2,1,f7e336b9f66da4eda3e638c79318242100a1ebd6,1107
Sample-21-2,1,56e4c59f3c908e7f9ef513a646330a05f5808e56,727
Sample-21-2,1,389f4844880ec7a1a805e04b9c5d926c8414df9c,399
Sample-21-2,1,efb96aa9ab2e7608cec59f1421ab8ee090076260,209
Sample-28-2,1,be9c3394b1617d1f252b55cfbc5d1bf95701e4cd,4758
Sample-28-2,1,5dd046e872a3d4a2d69e5d74a88f680516715f9f,379
Sample-28-2,1,46198a966b943c5f03fd710b52b7f74fc3e2ca5e,7460
Sample-28-2,1,78bc87be1cb86ffd6ebb028518571db3bade8e4c,1724
Sample-28-2,1,760fc3cb05911cd49affeee1052ade0166c54bc9,754
Sample-28-2,1,9c9a29499030c39f474ca37c50e7132f298e9958,578
Sample-28-2,1,3b3d5e6c97cf509d07d8093957c4ae422ce4cbb6,802
Sample-28-2,1,5e46e56f86cc1094af2d1803e8f03208dad7c19f,235
Sample-28-2,1,a6f5999066bcea5318525d5e830ef3f2854d3170,279
Sample-28-2,1,ddffdd8c09ab1baff6d03a500e0ab282711dc951,200
Sample-28-2,1,d82945321dec49f33b03b356419f34383e4c6915,122
Sample-28-2,1,12d2dca1adeb2d260cb28b45b98ec49a56ddfa0f,48
Sample-28-2,1,1f40f43f77b5fd688b6ee4a4f085cfc0174931dd,31
Sample-29-2,1,be9c3394b1617d1f252b55cfbc5d1bf95701e4cd,2832
Sample-29-2,1,46198a966b943c5f03fd710b52b7f74fc3e2ca5e,6000
Sample-29-2,1,78bc87be1cb86ffd6ebb028518571db3bade8e4c,1095
Sample-29-2,1,608ca2cb2d1470dd3f4d8ea3a0054534f1971658,114
Sample-29-2,1,8f79f2fe6aa55a3a8af1f60a1b8ca1cc2b7a62a9,1244
Sample-29-2,1,760fc3cb05911cd49affeee1052ade0166c54bc9,830
Sample-29-2,1,9c9a29499030c39f474ca37c50e7132f298e9958,161
Sample-29-2,1,3b3d5e6c97cf509d07d8093957c4ae422ce4cbb6,267
Sample-29-2,1,d68c3101ff8e0732ac570feb0cf07fd3efdb2421,534
Sample-29-2,1,5e46e56f86cc1094af2d1803e8f03208dad7c19f,162
Sample-29-2,1,a6f5999066bcea5318525d5e830ef3f2854d3170,123
Sample-29-2,1,ddffdd8c09ab1baff6d03a500e0ab282711dc951,112
Sample-29-2,1,d82945321dec49f33b03b356419f34383e4c6915,66
Sample-29-2,1,d5997a8400d798ce10dfb8b86713c0e991dbfb05,96
Sample-29-2,1,12d2dca1adeb2d260cb28b45b98ec49a56ddfa0f,43
Sample-30-2,1,5dd046e872a3d4a2d69e5d74a88f680516715f9f,410
Sample-30-2,1,46198a966b943c5f03fd710b52b7f74fc3e2ca5e,50
Sample-30-2,1,fb9e5c5202fae1a633b37b3445673ef44e3ca891,14581
Sample-30-2,1,b9b20bf954114b35c77860a2ac0fcf591a683b49,339
Sample-30-2,1,d5997a8400d798ce10dfb8b86713c0e991dbfb05,4
Sample-32-2,1,5dd046e872a3d4a2d69e5d74a88f680516715f9f,67
Sample-32-2,1,394941fe61578579e0311cf90225a8cdce9c63c9,3656
Sample-32-2,1,760fc3cb05911cd49affeee1052ade0166c54bc9,3114
Sample-32-2,1,c858030af9d3469e47d9b90f5fbe435774867677,236
Sample-32-2,1,a73a63af27c2e9e0a28a4e041ee9a5aa109af4f6,968
Sample-34-2,1,7edc82ae907368e2ba93f8d04552ca58def53f5b,12
Sample-34-2,1,be9c3394b1617d1f252b55cfbc5d1bf95701e4cd,389
Sample-34-2,1,46198a966b943c5f03fd710b52b7f74fc3e2ca5e,944
Sample-34-2,1,932043d71348ec0b563e49ed7c38a945f0903b60,6078
Sample-34-2,1,760fc3cb05911cd49affeee1052ade0166c54bc9,2450
Sample-34-2,1,dcd64feee9f077095a1ec234a2c612431282481b,537
Sample-34-2,1,23510879c8c0b828dc92e28c806265caaefd3e76,565
Sample-34-2,1,8c3c942e11d268e68ecc8faf9b31018bc432bf02,210
Sample-34-2,1,1444a99165e181c88bb78e1d7af03b554a15ff36,36
Positive-3,1,3d93e9753e58c59a65605680bf8a46735ed450e9,15059
Sample-1-3,1,7edc82ae907368e2ba93f8d04552ca58def53f5b,9798
Sample-1-3,1,5dd046e872a3d4a2d69e5d74a88f680516715f9f,1741
Sample-1-3,1,394941fe61578579e0311cf90225a8cdce9c63c9,39
Sample-1-3,1,760fc3cb05911cd49affeee1052ade0166c54bc9,168
Sample-1-3,1,100fda5174b43042ae1cc81916acdce81e9b2d21,449
Sample-1-3,1,f10f728edf88fb0d65eb90238908547c70020bc9,277
Sample-1-3,1,452664a3e68d8afd0a9ad25581cb6d0e50a5a271,165
Sample-1-3,1,3194a3dc3bf662efc5387149a36ccbaffd8b0c86,633
Sample-1-3,1,c0929ab26e189ce08b3963d73642564733be334c,116
Sample-1-3,1,72b5704b2fe5e1a81300e6c4279a82ae831c8cc6,114
Sample-2-3,1,7edc82ae907368e2ba93f8d04552ca58def53f5b,468
Sample-2-3,1,be9c3394b1617d1f252b55cfbc5d1bf95701e4cd,63
Sample-2-3,1,46198a966b943c5f03fd710b52b7f74fc3e2ca5e,47
Sample-2-3,1,100fda5174b43042ae1cc81916acdce81e9b2d21,17
Sample-3-3,1,7edc82ae907368e2ba93f8d04552ca58def53f5b,9016
Sample-3-3,1,be9c3394b1617d1f252b55cfbc5d1bf95701e4cd,423
Sample-3-3,1,5dd046e872a3d4a2d69e5d74a88f680516715f9f,137
Sample-3-3,1,394941fe61578579e0311cf90225a8cdce9c63c9,22
Sample-3-3,1,760fc3cb05911cd49affeee1052ade0166c54bc9,69
Sample-3-3,1,100fda5174b43042ae1cc81916acdce81e9b2d21,175
Sample-3-3,1,dcd64feee9f077095a1ec234a2c612431282481b,96
Sample-3-3,1,1d95dbb601a3f790ec264e4df021a0d37a7ff29a,253
Sample-3-3,1,ce668a68ba448eae1b213db527575f337218d320,321
Sample-3-3,1,7d3b2fd17279d4feb95be4890d9953a3f167d752,87
Sample-3-3,1,5af404705630e44509109eefa4b9839242d2db0f,94
Sample-3-3,1,2b9adc766165fa6ba3841ecb2833a8324a9c393a,72
Sample-3-3,1,15cce77036831cdd72157ded2356c8dd7cdd5312,125
Sample-3-3,1,c45d638d101dabec1bcc767aa3f5c68079b8c2c6,24
Sample-3-3,1,a297dbd0f868ee4cd09e86e1756e83cebcea79a4,2
Sample-4-3,1,7edc82ae907368e2ba93f8d04552ca58def53f5b,12335
Sample-4-3,1,5dd046e872a3d4a2d69e5d74a88f680516715f9f,1020
Sample-4-3,1,394941fe61578579e0311cf90225a8cdce9c63c9,879
Sample-4-3,1,92354c3d84e73f2fb87c115fcdcf9bc4518a1401,3152
Sample-4-3,1,dcd5c0624182972839c97ca4bb77e8fac0372896,214
Sample-4-3,1,f044465f43b47003e7166c369722f4101d5661de,212
Sample-4-3,1,8d113ecdd04ff26c42569958d736c3cddf8392f4,167
Sample-4-3,1,8c3e97598d2d687d2eafdd56e8c05012531a5f50,99
Sample-5-3,1,7edc82ae907368e2ba93f8d04552ca58def53f5b,3775
Sample-5-3,1,be9c3394b1617d1f252b55cfbc5d1bf95701e4cd,10657
Sample-5-3,1,5dd046e872a3d4a2d69e5d74a88f680516715f9f,4951
Sample-5-3,1,394941fe61578579e0311cf90225a8cdce9c63c9,353
Sample-5-3,1,fb9e5c5202fae1a633b37b3445673ef44e3ca891,712
Sample-5-3,1,1adb2db3187af234a44408991a3c53089b8c60ae,54
Sample-5-3,1,100fda5174b43042ae1cc81916acdce81e9b2d21,16
Sample-5-3,1,c858030af9d3469e47d9b90f5fbe435774867677,1086
Sample-5-3,1,92354c3d84e73f2fb87c115fcdcf9bc4518a1401,36
Sample-5-3,1,cd8e7d35230f022b65884e3bb0ad7ed2bdd325a5,2303
Sample-5-3,1,5098a46bf32dc554058f3ae04b06891229c45e1c,1694
Sample-5-3,1,cbacb54dc54927ccfad5e67d9a7ef1b2084868b7,329
Sample-6-3,1,7edc82ae907368e2ba93f8d04552ca58def53f5b,3364
Sample-6-3,1,be9c3394b1617d1f252b55cfbc5d1bf95701e4cd,1532
Sample-6-3,1,fb9e5c5202fae1a633b37b3445673ef44e3ca891,260
Sample-6-3,1,1adb2db3187af234a44408991a3c53089b8c60ae,5163
Sample-6-3,1,100fda5174b43042ae1cc81916acdce81e9b2d21,575
Sample-6-3,1,3e32bfa45f06a2177aa79e317e62e27ca880a322,1712
Sample-6-3,1,ac311cf65683b45e0efc763e06db54ea41cd484b,1076
Sample-6-3,1,f1d6df11a57ddd3b392c74d591a1fe5a95d62d6f,14
Sample-6-3,1,e5a1abbba8a8630990046c38949ff898ecdc38ab,6
Sample-6-3,1,b9de887d0b98da2529d19b26eae36aca9fb7696a,3
Sample-7-3,1,7edc82ae907368e2ba93f8d04552ca58def53f5b,6163
Sample-7-3,1,be9c3394b1617d1f252b55cfbc5d1bf95701e4cd,1056
Sample-7-3,1,5dd046e872a3d4a2d69e5d74a88f680516715f9f,2684
Sample-7-3,1,760fc3cb05911cd49affeee1052ade0166c54bc9,295
Sample-7-3,1,7d3b2fd17279d4feb95be4890d9953a3f167d752,50
Sample-7-3,1,49f6c9e28f7e359a298866e1fe052a5a44fb8d59,888
Sample-7-3,1,ca9c7302408dbb56316c8a4af815244dbbfb7fe6,228
Sample-7-3,1,013b674e11fac586acdb7758ab1484cf569cdfd9,685
Sample-7-3,1,979b331a7b96f2464ee4d4ff39d0b671137b8282,108
Sample-8-3,1,7edc82ae907368e2ba93f8d04552ca58def53f5b,9919
Sample-8-3,1,be9c3394b1617d1f252b55cfbc5d1bf95701e4cd,6454
Sample-8-3,1,760fc3cb05911cd49affeee1052ade0166c54bc9,327
Sample-8-3,1,dcd5c0624182972839c97ca4bb77e8fac0372896,2043
Sample-8-3,1,c6a6d79fc13d295f57c7f66ec84748c9f7ee8cf6,2012
Sample-8-3,1,441d6251efe8058d18a8466084362fe811f2380c,1221
Sample-8-3,1,5af404705630e44509109eefa4b9839242d2db0f,737
Sample-8-3,1,d50087bce623e9a56807454144cf8baa264fbe2e,93
Sample-8-3,1,b8a3c510a6aef1aa83e2bf5cc296bdd5411abe1c,486
Sample-8-3,1,09c0e7edd4bee48305f3296a5983255226fb4e2c,229
Sample-8-3,1,5c72934284f741a4a4fa78a8cd2425a67e457036,93
Sample-8-3,1,684a73e233401b683b065892acabc3e46c152d6f,88
Sample-8-3,1,c02c4ec0dd8c2056394006fd91d1373d74fefed2,83
Sample-9-3,1,7edc82ae907368e2ba93f8d04552ca58def53f5b,15550
Sample-9-3,1,394941fe61578579e0311cf90225a8cdce9c63c9,267
Sample-9-3,1,c858030af9d3469e47d9b90f5fbe435774867677,801
Sample-9-3,1,f2f3127460d6e7250abb6386cb0af25b9c264fc8,800
Sample-9-3,1,e4fb935347c936e9f780f29f7580526ffeb5ac44,1887
Sample-9-3,1,1aefcd1ec0e9edfd07d63c3b4218c7bd7302bd11,957
Sample-9-3,1,8025ef34f2cd3bf894193caa6c34ff5300e0cc7a,719
Sample-9-3,1,884765310761837242b484545c130cf6a9d0b4fb,407
Sample-9-3,1,8d9ed01f68dd67de42dfd13bb501d0fde7857de2,238
Sample-9-3,1,aaf639e798f7cff6d92ff9e9abb1e5aa768666ec,503
Sample-10-3,1,7edc82ae907368e2ba93f8d04552ca58def53f5b,20676
Sample-10-3,1,be9c3394b1617d1f252b55cfbc5d1bf95701e4cd,19097
Sample-10-3,1,5dd046e872a3d4a2d69e5d74a88f680516715f9f,329
Sample-10-3,1,78bc87be1cb86ffd6ebb028518571db3bade8e4c,1660
Sample-10-3,1,9c9a29499030c39f474ca37c50e7132f298e9958,504
Sample-10-3,1,44f43add999f1177a3c580e48c154f9890d03bb9,3908
Sample-10-3,1,616444445bc3518d71c77eba6524ef538020fb01,1335
Sample-10-3,1,903c7201625f1c87f3dd93d35c2ba0a6cdf938e9,1153
Sample-10-3,1,99ad40750dc44442450699ae2c8a5118380b3684,607
Sample-10-3,1,13bc9717d3be84539c33ff290d8017aaa192d389,883
Sample-10-3,1,464f10ceb61ee290579f8d42ed74033010492f95,412
Sample-11-3,1,7edc82ae907368e2ba93f8d04552ca58def53f5b,13184
Sample-11-3,1,be9c3394b1617d1f252b55cfbc5d1bf95701e4cd,2718
Sample-11-3,1,5dd046e872a3d4a2d69e5d74a88f680516715f9f,3236
Sample-11-3,1,78bc87be1cb86ffd6ebb028518571db3bade8e4c,3082
Sample-11-3,1,100fda5174b43042ae1cc81916acdce81e9b2d21,647
Sample-11-3,1,9c9a29499030c39f474ca37c50e7132f298e9958,366
Sample-11-3,1,2c69409182f097d5f2272797c437c5c665fc6bff,1955
Sample-11-3,1,aff1919ff90bac4b2828eceb0c06d9019a6d44c7,405
Sample-11-3,1,a8d2792c45916adb2f78002af52dc30809782428,110
Sample-11-3,1,fa48c54d64285a6ee2bc12f0ad926be9fae3bae7,156
Sample-12-3,1,7edc82ae907368e2ba93f8d04552ca58def53f5b,9601
Sample-12-3,1,be9c3394b1617d1f252b55cfbc5d1bf95701e4cd,1911
Sample-12-3,1,5dd046e872a3d4a2d69e5d74a88f680516715f9f,996
Sample-12-3,1,46198a966b943c5f03fd710b52b7f74fc3e2ca5e,230
Sample-12-3,1,dcd5c0624182972839c97ca4bb77e8fac0372896,950
Sample-12-3,1,aabd7e6a689836ba05bc360cd9aecacf70d0b1e9,748
Sample-12-3,1,48c816eef9feda4eff65c50a60fb1b3979df0321,486
Sample-12-3,1,5c71de4af6c26b28bf2fbf5eea171598e7c68db2,313
Sample-12-3,1,1e6c8a6db2b5596a2e0346daba858233227298c7,224
Sample-13-3,1,7edc82ae907368e2ba93f8d04552ca58def53f5b,12895
Sample-13-3,1,46198a966b943c5f03fd710b52b7f74fc3e2ca5e,762
Sample-13-3,1,78bc87be1cb86ffd6ebb028518571db3bade8e4c,514
Sample-13-3,1,608ca2cb2d1470dd3f4d8ea3a0054534f1971658,125
Sample-13-3,1,8f79f2fe6aa55a3a8af1f60a1b8ca1cc2b7a62a9,7521
Sample-13-3,1,c858030af9d3469e47d9b90f5fbe435774867677,606
Sample-13-3,1,5679c766b0066bac89b0f2c5304d4d3272539bb0,1790
Sample-13-3,1,5f198133e546817affff6b12327c738bb54df41d,1998
Sample-13-3,1,57b4f094629f11d15a515cdf1c7a0b481b128bcd,619
Sample-13-3,1,650f6e0233af62f794c602fa9839624f2005f280,483
Sample-13-3,1,4a3eb54dd56cc4aa7b40bbde033f4b24496e00f2,366
Sample-13-3,1,cf27c027eafbcdab2f9ef77bc6bf0c0fccadd563,197
Sample-13-3,1,b25be9ffbe4947b512ac0fcdd6b97f66525e1dcc,86
Sample-19-3,1,7edc82ae907368e2ba93f8d04552ca58def53f5b,2243
Sample-19-3,1,be9c3394b1617d1f252b55cfbc5d1bf95701e4cd,7710
Sample-19-3,1,5dd046e872a3d4a2d69e5d74a88f680516715f9f,23585
Sample-19-3,1,46198a966b943c5f03fd710b52b7f74fc3e2ca5e,64
Sample-19-3,1,8f79f2fe6aa55a3a8af1f60a1b8ca1cc2b7a62a9,756
Sample-19-3,1,760fc3cb05911cd49affeee1052ade0166c54bc9,204
Sample-19-3,1,9c9a29499030c39f474ca37c50e7132f298e9958,1058
Sample-19-3,1,99556b5f607948be9fdc3921655d9da0939a58a6,7227
Sample-19-3,1,5679c766b0066bac89b0f2c5304d4d3272539bb0,201
Sample-19-3,1,bc10f9a02dabe816c76a829640b45b9f4e4e8a33,537
Sample-19-3,1,f64aedb78b1745a2e1cbdc60aa5104bc158f58eb,299
Sample-19-3,1,ae0bc94b2ccc3816ae9a77de8fdcfd7b403161a4,167
Sample-48-3,1,7edc82ae907368e2ba93f8d04552ca58def53f5b,85
Sample-48-3,1,78bc87be1cb86ffd6ebb028518571db3bade8e4c,700
Sample-48-3,1,1adb2db3187af234a44408991a3c53089b8c60ae,17
Sample-48-3,1,79fb7d2eb27a9683232766099634e6ed16aed781,3
Sample-48-3,1,f1565bdad12daa27c10f267d489a6c70f172c10b,19
Sample-49-3,1,7edc82ae907368e2ba93f8d04552ca58def53f5b,4197
Sample-49-3,1,be9c3394b1617d1f252b55cfbc5d1bf95701e4cd,3017
Sample-49-3,1,5dd046e872a3d4a2d69e5d74a88f680516715f9f,4327
Sample-49-3,1,760fc3cb05911cd49affeee1052ade0166c54bc9,614
Sample-49-3,1,1adb2db3187af234a44408991a3c53089b8c60ae,9601
Sample-49-3,1,99556b5f607948be9fdc3921655d9da0939a58a6,281
Sample-49-3,1,ced0bbb66eee53beb4705198548aa6f7fca78ba8,1886
Sample-49-3,1,c13247d98b2ccf82875790efcbbc384218f85bfb,701
Sample-49-3,1,06f1f2df0ae1f83396dfaf17101fd073b37f3d82,345
Sample-49-3,1,45583b2e75935f07b9c1999e5f0200283c24a7a0,128
Sample-49-3,1,6686c3ff4f1ec2cda98dd7bbdbe0ac3933e4dffc,128
Sample-49-3,1,e5a1abbba8a8630990046c38949ff898ecdc38ab,7
Sample-49-3,1,75ea803b051d8fe2638fbd21d4b41f8a2acb6180,3
Sample-20-3,1,7edc82ae907368e2ba93f8d04552ca58def53f5b,1536
Sample-20-3,1,be9c3394b1617d1f252b55cfbc5d1bf95701e4cd,1799
Sample-20-3,1,5dd046e872a3d4a2d69e5d74a88f680516715f9f,233
Sample-20-3,1,1adb2db3187af234a44408991a3c53089b8c60ae,239
Sample-20-3,1,dff86d93974c126a5ad33500ab8af968296df585,14350
Sample-20-3,1,4aaeecd917e0d3bee9806e302d4a31f6a57e2d9c,7818
Sample-20-3,1,3dfe5c7a0bea9c6c118cb6cec97d4b7b46452ce5,3628
Sample-20-3,1,ced0bbb66eee53beb4705198548aa6f7fca78ba8,29
Sample-20-3,1,f10f728edf88fb0d65eb90238908547c70020bc9,823
Sample-20-3,1,f1565bdad12daa27c10f267d489a6c70f172c10b,20
Sample-20-3,1,8b2e9a18471f95df55b569dbd63205f36a19e352,442
Sample-20-3,1,e8960e360c3e6f787a4a9a2564e78da719e55bde,62
Sample-20-3,1,723b3de679abc244d28a899820c9984a9a110f6e,55
Sample-24-3,1,7edc82ae907368e2ba93f8d04552ca58def53f5b,873
Sample-24-3,1,be9c3394b1617d1f252b55cfbc5d1bf95701e4cd,11170
Sample-24-3,1,5dd046e872a3d4a2d69e5d74a88f680516715f9f,243
Sample-24-3,1,608ca2cb2d1470dd3f4d8ea3a0054534f1971658,1344
Sample-24-3,1,1adb2db3187af234a44408991a3c53089b8c60ae,13
Sample-24-3,1,dff86d93974c126a5ad33500ab8af968296df585,424
Sample-24-3,1,4aaeecd917e0d3bee9806e302d4a31f6a57e2d9c,198
Sample-24-3,1,1d95dbb601a3f790ec264e4df021a0d37a7ff29a,1530
Sample-25-3,1,be9c3394b1617d1f252b55cfbc5d1bf95701e4cd,1890
Sample-25-3,1,1adb2db3187af234a44408991a3c53089b8c60ae,8
Sample-25-3,1,ce668a68ba448eae1b213db527575f337218d320,330
Sample-21-3,1,7edc82ae907368e2ba93f8d04552ca58def53f5b,66
Sample-21-3,1,be9c3394b1617d1f252b55cfbc5d1bf95701e4cd,39
Sample-21-3,1,5dd046e872a3d4a2d69e5d74a88f680516715f9f,60
Sample-21-3,1,46198a966b943c5f03fd710b52b7f74fc3e2ca5e,23
Sample-28-3,1,7edc82ae907368e2ba93f8d04552ca58def53f5b,15
Sample-28-3,1,be9c3394b1617d1f252b55cfbc5d1bf95701e4cd,13700
Sample-28-3,1,dff86d93974c126a5ad33500ab8af968296df585,225
Sample-28-3,1,79fb7d2eb27a9683232766099634e6ed16aed781,2391
Sample-28-3,1,d7dd42ef4e8a2385699e25ce5a5a0cacd7024880,2004
Sample-28-3,1,f71692637010203dadebf9effe0dcfb74e185208,1536
Sample-29-3,1,7edc82ae907368e2ba93f8d04552ca58def53f5b,31
Sample-29-3,1,be9c3394b1617d1f252b55cfbc5d1bf95701e4cd,127
Sample-29-3,1,5dd046e872a3d4a2d69e5d74a88f680516715f9f,800
Sample-29-3,1,46198a966b943c5f03fd710b52b7f74fc3e2ca5e,2620
Sample-29-3,1,760fc3cb05911cd49affeee1052ade0166c54bc9,133
Sample-29-3,1,d7dd42ef4e8a2385699e25ce5a5a0cacd7024880,10
Sample-29-3,1,f1565bdad12daa27c10f267d489a6c70f172c10b,22
Sample-29-3,1,e63039e11af44566301116f92422cdf14618c042,211
Sample-30-3,1,7edc82ae907368e2ba93f8d04552ca58def53f5b,34
Sample-30-3,1,be9c3394b1617d1f252b55cfbc5d1bf95701e4cd,37
Sample-30-3,1,f1565bdad12daa27c10f267d489a6c70f172c10b,48
Sample-30-3,1,b932f206cdfc2db8e419498287d645f05f5fe504,6
Sample-32-3,1,7edc82ae907368e2ba93f8d04552ca58def53f5b,34
Sample-32-3,1,be9c3394b1617d1f252b55cfbc5d1bf95701e4cd,41
Sample-32-3,1,f1565bdad12daa27c10f267d489a6c70f172c10b,54
Sample-34-3,1,42737cd65bab38b57ea8949256ab1dbc59f5d054,84
Sample-34-3,1,7edc82ae907368e2ba93f8d04552ca58def53f5b,5
Sample-34-3,1,46198a966b943c5f03fd710b52b7f74fc3e2ca5e,7559
Sample-34-3,1,932043d71348ec0b563e49ed7c38a945f0903b60,7505
Sample-34-3,1,394941fe61578579e0311cf90225a8cdce9c63c9,643
Sample-34-3,1,5e46e56f86cc1094af2d1803e8f03208dad7c19f,230
Sample-34-3,1,a6f5999066bcea5318525d5e830ef3f2854d3170,222
Sample-34-3,1,4b748d5cdcacb1ba767d6ae7e40283417ea549be,538
Sample-34-3,1,8f9d2f04549dd67c605bd31cb4ed3f04ec024476,521
Sample-34-3,1,39932da3db399ffd1c14f0d61f4a6a4b2f270054,253
Sample-34-3,1,276803558230dc9918a2120c37dcfcfac94d37d7,124
